{"kind":"APIResourceList","apiVersion":"v1","groupVersion":"acid.zalan.do/v1","resources":[{"name":"operatorconfigurations","singularName":"operatorconfiguration","namespaced":true,"kind":"OperatorConfiguration","verbs":["delete","deletecollection","get","list","patch","create","update","watch"],"shortNames":["opconfig"],"categories":["all"],"storageVersionHash":"tg9GpDDhkjs="},{"name":"operatorconfigurations/status","singularName":"","namespaced":true,"kind":"OperatorConfiguration","verbs":["get","patch","update"]},{"name":"postgresqls","singularName":"postgresql","namespaced":true,"kind":"postgresql","verbs":["delete","deletecollection","get","list","patch","create","update","watch"],"shortNames":["pg"],"categories":["all"],"storageVersionHash":"oFmkI/KpZMo="},{"name":"postgresqls/status","singularName":"","namespaced":true,"kind":"postgresql","verbs":["get","patch","update"]},{"name":"postgresteams","singularName":"postgresteam","namespaced":true,"kind":"PostgresTeam","verbs":["delete","deletecollection","get","list","patch","create","update","watch"],"shortNames":["pgteam"],"categories":["all"],"storageVersionHash":"yQTditwEhKk="},{"name":"postgresteams/status","singularName":"","namespaced":true,"kind":"PostgresTeam","verbs":["get","patch","update"]}]}
